{"cameraMode":{"drawMode":0,"name":"Shaded","section":"Shading Mode"},"sceneLighting":false,"audioPlay":false,"sceneViewState":{"m_AlwaysRefresh":false,"showFog":true,"showSkybox":false,"showFlares":true,"showImageEffects":true,"showParticleSystems":true,"showVisualEffectGraphs":true,"m_FxEnabled":true},"in2DMode":false,"pivot":{"x":0.1686074137687683,"y":1.3378582000732422,"z":0.5728227496147156},"rotation":{"x":0.26860466599464419,"y":0.5968027710914612,"z":-0.2217058539390564,"w":0.7225963473320007},"size":1.2247449159622193,"orthographic":false}